,feature_idx,cv_scores,avg_score,feature_names,ci_bound,std_dev,std_err
58,"(0, 1, 2, 3, 4, 5, 6, 7, 8, 9, 10, 11, 12, 13, 14, 15, 16, 17, 18, 19, 20, 21, 22, 23, 24, 25, 26, 27, 28, 29, 30, 31, 32, 33, 34, 35, 36, 37, 38, 39, 40, 41, 42, 43, 44, 45, 46, 47, 48, 49, 50, 51, 52, 53, 54, 55, 56, 57)","[0.48334445 0.48302437 0.47970605 0.47869859 0.49708644 0.47460747
 0.49588451 0.49113702 0.48115693 0.47197706]",0.48366228912122644,"('n_tokens_title', 'n_tokens_content', 'n_unique_tokens', 'n_non_stop_words', 'n_non_stop_unique_tokens', 'num_hrefs', 'num_self_hrefs', 'num_imgs', 'num_videos', 'average_token_length', 'num_keywords', 'data_channel_is_lifestyle', 'data_channel_is_entertainment', 'data_channel_is_bus', 'data_channel_is_socmed', 'data_channel_is_tech', 'data_channel_is_world', 'kw_min_min', 'kw_max_min', 'kw_avg_min', 'kw_min_max', 'kw_max_max', 'kw_avg_max', 'kw_min_avg', 'kw_max_avg', 'kw_avg_avg', 'self_reference_min_shares', 'self_reference_max_shares', 'self_reference_avg_sharess', 'weekday_is_monday', 'weekday_is_tuesday', 'weekday_is_wednesday', 'weekday_is_thursday', 'weekday_is_friday', 'weekday_is_saturday', 'weekday_is_sunday', 'is_weekend', 'LDA_00', 'LDA_01', 'LDA_02', 'LDA_03', 'LDA_04', 'global_subjectivity', 'global_sentiment_polarity', 'global_rate_positive_words', 'global_rate_negative_words', 'rate_positive_words', 'rate_negative_words', 'avg_positive_polarity', 'min_positive_polarity', 'max_positive_polarity', 'avg_negative_polarity', 'min_negative_polarity', 'max_negative_polarity', 'title_subjectivity', 'title_sentiment_polarity', 'abs_title_subjectivity', 'abs_title_sentiment_polarity')",0.00599287658083533,0.00806890007175769,0.0026896333572525633
57,"(0, 1, 2, 3, 4, 5, 6, 7, 8, 9, 10, 11, 12, 13, 15, 16, 17, 18, 19, 20, 21, 22, 23, 24, 25, 26, 27, 28, 29, 30, 31, 32, 33, 34, 35, 36, 37, 38, 39, 40, 41, 42, 43, 44, 45, 46, 47, 48, 49, 50, 51, 52, 53, 54, 55, 56, 57)","[0.48406582 0.4836058  0.48181283 0.48219405 0.49622441 0.477856
 0.49520857 0.49034344 0.4822494  0.47313514]",0.48466954546585483,"('n_tokens_title', 'n_tokens_content', 'n_unique_tokens', 'n_non_stop_words', 'n_non_stop_unique_tokens', 'num_hrefs', 'num_self_hrefs', 'num_imgs', 'num_videos', 'average_token_length', 'num_keywords', 'data_channel_is_lifestyle', 'data_channel_is_entertainment', 'data_channel_is_bus', 'data_channel_is_tech', 'data_channel_is_world', 'kw_min_min', 'kw_max_min', 'kw_avg_min', 'kw_min_max', 'kw_max_max', 'kw_avg_max', 'kw_min_avg', 'kw_max_avg', 'kw_avg_avg', 'self_reference_min_shares', 'self_reference_max_shares', 'self_reference_avg_sharess', 'weekday_is_monday', 'weekday_is_tuesday', 'weekday_is_wednesday', 'weekday_is_thursday', 'weekday_is_friday', 'weekday_is_saturday', 'weekday_is_sunday', 'is_weekend', 'LDA_00', 'LDA_01', 'LDA_02', 'LDA_03', 'LDA_04', 'global_subjectivity', 'global_sentiment_polarity', 'global_rate_positive_words', 'global_rate_negative_words', 'rate_positive_words', 'rate_negative_words', 'avg_positive_polarity', 'min_positive_polarity', 'max_positive_polarity', 'avg_negative_polarity', 'min_negative_polarity', 'max_negative_polarity', 'title_subjectivity', 'title_sentiment_polarity', 'abs_title_subjectivity', 'abs_title_sentiment_polarity')",0.00513433334369924,0.0069129444143547015,0.0023043148047849006
56,"(0, 1, 2, 3, 4, 5, 6, 7, 8, 9, 10, 11, 12, 13, 15, 16, 17, 18, 20, 21, 22, 23, 24, 25, 26, 27, 28, 29, 30, 31, 32, 33, 34, 35, 36, 37, 38, 39, 40, 41, 42, 43, 44, 45, 46, 47, 48, 49, 50, 51, 52, 53, 54, 55, 56, 57)","[0.48312872 0.48345399 0.48203852 0.48300075 0.49804309 0.48329385
 0.49443613 0.49070749 0.48139872 0.47247942]",0.48519806841043034,"('n_tokens_title', 'n_tokens_content', 'n_unique_tokens', 'n_non_stop_words', 'n_non_stop_unique_tokens', 'num_hrefs', 'num_self_hrefs', 'num_imgs', 'num_videos', 'average_token_length', 'num_keywords', 'data_channel_is_lifestyle', 'data_channel_is_entertainment', 'data_channel_is_bus', 'data_channel_is_tech', 'data_channel_is_world', 'kw_min_min', 'kw_max_min', 'kw_min_max', 'kw_max_max', 'kw_avg_max', 'kw_min_avg', 'kw_max_avg', 'kw_avg_avg', 'self_reference_min_shares', 'self_reference_max_shares', 'self_reference_avg_sharess', 'weekday_is_monday', 'weekday_is_tuesday', 'weekday_is_wednesday', 'weekday_is_thursday', 'weekday_is_friday', 'weekday_is_saturday', 'weekday_is_sunday', 'is_weekend', 'LDA_00', 'LDA_01', 'LDA_02', 'LDA_03', 'LDA_04', 'global_subjectivity', 'global_sentiment_polarity', 'global_rate_positive_words', 'global_rate_negative_words', 'rate_positive_words', 'rate_negative_words', 'avg_positive_polarity', 'min_positive_polarity', 'max_positive_polarity', 'avg_negative_polarity', 'min_negative_polarity', 'max_negative_polarity', 'title_subjectivity', 'title_sentiment_polarity', 'abs_title_subjectivity', 'abs_title_sentiment_polarity')",0.005159852450830319,0.006947303727880303,0.002315767909293434
55,"(0, 1, 2, 3, 4, 5, 6, 7, 8, 9, 10, 11, 12, 13, 15, 16, 17, 20, 21, 22, 23, 24, 25, 26, 27, 28, 29, 30, 31, 32, 33, 34, 35, 36, 37, 38, 39, 40, 41, 42, 43, 44, 45, 46, 47, 48, 49, 50, 51, 52, 53, 54, 55, 56, 57)","[0.48709365 0.48576608 0.4817174  0.48397459 0.49789938 0.48474678
 0.49508255 0.48918214 0.48271939 0.4742548 ]",0.48624367536515967,"('n_tokens_title', 'n_tokens_content', 'n_unique_tokens', 'n_non_stop_words', 'n_non_stop_unique_tokens', 'num_hrefs', 'num_self_hrefs', 'num_imgs', 'num_videos', 'average_token_length', 'num_keywords', 'data_channel_is_lifestyle', 'data_channel_is_entertainment', 'data_channel_is_bus', 'data_channel_is_tech', 'data_channel_is_world', 'kw_min_min', 'kw_min_max', 'kw_max_max', 'kw_avg_max', 'kw_min_avg', 'kw_max_avg', 'kw_avg_avg', 'self_reference_min_shares', 'self_reference_max_shares', 'self_reference_avg_sharess', 'weekday_is_monday', 'weekday_is_tuesday', 'weekday_is_wednesday', 'weekday_is_thursday', 'weekday_is_friday', 'weekday_is_saturday', 'weekday_is_sunday', 'is_weekend', 'LDA_00', 'LDA_01', 'LDA_02', 'LDA_03', 'LDA_04', 'global_subjectivity', 'global_sentiment_polarity', 'global_rate_positive_words', 'global_rate_negative_words', 'rate_positive_words', 'rate_negative_words', 'avg_positive_polarity', 'min_positive_polarity', 'max_positive_polarity', 'avg_negative_polarity', 'min_negative_polarity', 'max_negative_polarity', 'title_subjectivity', 'title_sentiment_polarity', 'abs_title_subjectivity', 'abs_title_sentiment_polarity')",0.004741724880471166,0.006384330414986786,0.0021281101383289285
54,"(0, 1, 2, 3, 4, 5, 6, 7, 8, 9, 10, 11, 12, 13, 15, 16, 17, 20, 21, 22, 23, 24, 25, 26, 27, 29, 30, 31, 32, 33, 34, 35, 36, 37, 38, 39, 40, 41, 42, 43, 44, 45, 46, 47, 48, 49, 50, 51, 52, 53, 54, 55, 56, 57)","[0.4876043  0.48690127 0.48173511 0.48417832 0.49882324 0.48468001
 0.49596026 0.49088049 0.48473026 0.47482493]",0.4870318196752278,"('n_tokens_title', 'n_tokens_content', 'n_unique_tokens', 'n_non_stop_words', 'n_non_stop_unique_tokens', 'num_hrefs', 'num_self_hrefs', 'num_imgs', 'num_videos', 'average_token_length', 'num_keywords', 'data_channel_is_lifestyle', 'data_channel_is_entertainment', 'data_channel_is_bus', 'data_channel_is_tech', 'data_channel_is_world', 'kw_min_min', 'kw_min_max', 'kw_max_max', 'kw_avg_max', 'kw_min_avg', 'kw_max_avg', 'kw_avg_avg', 'self_reference_min_shares', 'self_reference_max_shares', 'weekday_is_monday', 'weekday_is_tuesday', 'weekday_is_wednesday', 'weekday_is_thursday', 'weekday_is_friday', 'weekday_is_saturday', 'weekday_is_sunday', 'is_weekend', 'LDA_00', 'LDA_01', 'LDA_02', 'LDA_03', 'LDA_04', 'global_subjectivity', 'global_sentiment_polarity', 'global_rate_positive_words', 'global_rate_negative_words', 'rate_positive_words', 'rate_negative_words', 'avg_positive_polarity', 'min_positive_polarity', 'max_positive_polarity', 'avg_negative_polarity', 'min_negative_polarity', 'max_negative_polarity', 'title_subjectivity', 'title_sentiment_polarity', 'abs_title_subjectivity', 'abs_title_sentiment_polarity')",0.004869985833384304,0.006557022910519586,0.002185674303506529
53,"(1, 2, 3, 4, 5, 6, 7, 8, 9, 10, 11, 12, 13, 15, 16, 17, 20, 21, 22, 23, 24, 25, 26, 27, 29, 30, 31, 32, 33, 34, 35, 36, 37, 38, 39, 40, 41, 42, 43, 44, 45, 46, 47, 48, 49, 50, 51, 52, 53, 54, 55, 56, 57)","[0.48714899 0.49322519 0.48200919 0.48129177 0.49775035 0.48690443
 0.49560547 0.49249213 0.48641606 0.47349711]",0.4876340688675843,"('n_tokens_content', 'n_unique_tokens', 'n_non_stop_words', 'n_non_stop_unique_tokens', 'num_hrefs', 'num_self_hrefs', 'num_imgs', 'num_videos', 'average_token_length', 'num_keywords', 'data_channel_is_lifestyle', 'data_channel_is_entertainment', 'data_channel_is_bus', 'data_channel_is_tech', 'data_channel_is_world', 'kw_min_min', 'kw_min_max', 'kw_max_max', 'kw_avg_max', 'kw_min_avg', 'kw_max_avg', 'kw_avg_avg', 'self_reference_min_shares', 'self_reference_max_shares', 'weekday_is_monday', 'weekday_is_tuesday', 'weekday_is_wednesday', 'weekday_is_thursday', 'weekday_is_friday', 'weekday_is_saturday', 'weekday_is_sunday', 'is_weekend', 'LDA_00', 'LDA_01', 'LDA_02', 'LDA_03', 'LDA_04', 'global_subjectivity', 'global_sentiment_polarity', 'global_rate_positive_words', 'global_rate_negative_words', 'rate_positive_words', 'rate_negative_words', 'avg_positive_polarity', 'min_positive_polarity', 'max_positive_polarity', 'avg_negative_polarity', 'min_negative_polarity', 'max_negative_polarity', 'title_subjectivity', 'title_sentiment_polarity', 'abs_title_subjectivity', 'abs_title_sentiment_polarity')",0.005223932523848073,0.007033582111690958,0.0023445273705636526
52,"(1, 2, 3, 4, 5, 6, 7, 8, 9, 10, 11, 12, 13, 15, 16, 17, 20, 21, 22, 23, 24, 25, 26, 27, 29, 30, 31, 32, 33, 34, 35, 36, 37, 38, 39, 40, 41, 42, 43, 44, 45, 46, 47, 49, 50, 51, 52, 53, 54, 55, 56, 57)","[0.48842587 0.49631635 0.48435358 0.48151134 0.49782395 0.48775732
 0.49674247 0.48926675 0.48556453 0.47275801]",0.4880520167252671,"('n_tokens_content', 'n_unique_tokens', 'n_non_stop_words', 'n_non_stop_unique_tokens', 'num_hrefs', 'num_self_hrefs', 'num_imgs', 'num_videos', 'average_token_length', 'num_keywords', 'data_channel_is_lifestyle', 'data_channel_is_entertainment', 'data_channel_is_bus', 'data_channel_is_tech', 'data_channel_is_world', 'kw_min_min', 'kw_min_max', 'kw_max_max', 'kw_avg_max', 'kw_min_avg', 'kw_max_avg', 'kw_avg_avg', 'self_reference_min_shares', 'self_reference_max_shares', 'weekday_is_monday', 'weekday_is_tuesday', 'weekday_is_wednesday', 'weekday_is_thursday', 'weekday_is_friday', 'weekday_is_saturday', 'weekday_is_sunday', 'is_weekend', 'LDA_00', 'LDA_01', 'LDA_02', 'LDA_03', 'LDA_04', 'global_subjectivity', 'global_sentiment_polarity', 'global_rate_positive_words', 'global_rate_negative_words', 'rate_positive_words', 'rate_negative_words', 'min_positive_polarity', 'max_positive_polarity', 'avg_negative_polarity', 'min_negative_polarity', 'max_negative_polarity', 'title_subjectivity', 'title_sentiment_polarity', 'abs_title_subjectivity', 'abs_title_sentiment_polarity')",0.0054455053098718224,0.007331911076910092,0.0024439703589700305
51,"(1, 2, 3, 4, 5, 6, 7, 8, 9, 10, 11, 12, 13, 15, 16, 17, 21, 22, 23, 24, 25, 26, 27, 29, 30, 31, 32, 33, 34, 35, 36, 37, 38, 39, 40, 41, 42, 43, 44, 45, 46, 47, 49, 50, 51, 52, 53, 54, 55, 56, 57)","[0.48834344 0.49554516 0.48486737 0.48424146 0.49876025 0.49328914
 0.49469631 0.48779134 0.48491468 0.47305637]",0.48855055217712023,"('n_tokens_content', 'n_unique_tokens', 'n_non_stop_words', 'n_non_stop_unique_tokens', 'num_hrefs', 'num_self_hrefs', 'num_imgs', 'num_videos', 'average_token_length', 'num_keywords', 'data_channel_is_lifestyle', 'data_channel_is_entertainment', 'data_channel_is_bus', 'data_channel_is_tech', 'data_channel_is_world', 'kw_min_min', 'kw_max_max', 'kw_avg_max', 'kw_min_avg', 'kw_max_avg', 'kw_avg_avg', 'self_reference_min_shares', 'self_reference_max_shares', 'weekday_is_monday', 'weekday_is_tuesday', 'weekday_is_wednesday', 'weekday_is_thursday', 'weekday_is_friday', 'weekday_is_saturday', 'weekday_is_sunday', 'is_weekend', 'LDA_00', 'LDA_01', 'LDA_02', 'LDA_03', 'LDA_04', 'global_subjectivity', 'global_sentiment_polarity', 'global_rate_positive_words', 'global_rate_negative_words', 'rate_positive_words', 'rate_negative_words', 'min_positive_polarity', 'max_positive_polarity', 'avg_negative_polarity', 'min_negative_polarity', 'max_negative_polarity', 'title_subjectivity', 'title_sentiment_polarity', 'abs_title_subjectivity', 'abs_title_sentiment_polarity')",0.005248777310598336,0.0070670335100116045,0.002355677836670535
50,"(1, 2, 3, 4, 5, 6, 7, 8, 9, 10, 11, 12, 13, 15, 16, 17, 22, 23, 24, 25, 26, 27, 29, 30, 31, 32, 33, 34, 35, 36, 37, 38, 39, 40, 41, 42, 43, 44, 45, 46, 47, 49, 50, 51, 52, 53, 54, 55, 56, 57)","[0.48729642 0.49415463 0.48481714 0.48597162 0.49892348 0.49469227
 0.49610278 0.48757782 0.48536927 0.47497531]",0.4889880744475031,"('n_tokens_content', 'n_unique_tokens', 'n_non_stop_words', 'n_non_stop_unique_tokens', 'num_hrefs', 'num_self_hrefs', 'num_imgs', 'num_videos', 'average_token_length', 'num_keywords', 'data_channel_is_lifestyle', 'data_channel_is_entertainment', 'data_channel_is_bus', 'data_channel_is_tech', 'data_channel_is_world', 'kw_min_min', 'kw_avg_max', 'kw_min_avg', 'kw_max_avg', 'kw_avg_avg', 'self_reference_min_shares', 'self_reference_max_shares', 'weekday_is_monday', 'weekday_is_tuesday', 'weekday_is_wednesday', 'weekday_is_thursday', 'weekday_is_friday', 'weekday_is_saturday', 'weekday_is_sunday', 'is_weekend', 'LDA_00', 'LDA_01', 'LDA_02', 'LDA_03', 'LDA_04', 'global_subjectivity', 'global_sentiment_polarity', 'global_rate_positive_words', 'global_rate_negative_words', 'rate_positive_words', 'rate_negative_words', 'min_positive_polarity', 'max_positive_polarity', 'avg_negative_polarity', 'min_negative_polarity', 'max_negative_polarity', 'title_subjectivity', 'title_sentiment_polarity', 'abs_title_subjectivity', 'abs_title_sentiment_polarity')",0.004978735861032099,0.00670344559986665,0.0022344818666222167
49,"(1, 2, 3, 4, 5, 6, 7, 8, 9, 10, 11, 12, 13, 15, 16, 17, 22, 23, 24, 25, 26, 27, 29, 30, 31, 32, 33, 34, 35, 36, 37, 38, 39, 40, 41, 42, 43, 44, 45, 46, 47, 49, 50, 51, 52, 53, 54, 56, 57)","[0.48848166 0.49446834 0.48541986 0.48597162 0.49871969 0.49483998
 0.49617594 0.48863271 0.48549448 0.4758361 ]",0.4894040384522655,"('n_tokens_content', 'n_unique_tokens', 'n_non_stop_words', 'n_non_stop_unique_tokens', 'num_hrefs', 'num_self_hrefs', 'num_imgs', 'num_videos', 'average_token_length', 'num_keywords', 'data_channel_is_lifestyle', 'data_channel_is_entertainment', 'data_channel_is_bus', 'data_channel_is_tech', 'data_channel_is_world', 'kw_min_min', 'kw_avg_max', 'kw_min_avg', 'kw_max_avg', 'kw_avg_avg', 'self_reference_min_shares', 'self_reference_max_shares', 'weekday_is_monday', 'weekday_is_tuesday', 'weekday_is_wednesday', 'weekday_is_thursday', 'weekday_is_friday', 'weekday_is_saturday', 'weekday_is_sunday', 'is_weekend', 'LDA_00', 'LDA_01', 'LDA_02', 'LDA_03', 'LDA_04', 'global_subjectivity', 'global_sentiment_polarity', 'global_rate_positive_words', 'global_rate_negative_words', 'rate_positive_words', 'rate_negative_words', 'min_positive_polarity', 'max_positive_polarity', 'avg_negative_polarity', 'min_negative_polarity', 'max_negative_polarity', 'title_subjectivity', 'abs_title_subjectivity', 'abs_title_sentiment_polarity')",0.004792144517483265,0.006452216180231134,0.002150738726743711
48,"(2, 3, 4, 5, 6, 7, 8, 9, 10, 11, 12, 13, 15, 16, 17, 22, 23, 24, 25, 26, 27, 29, 30, 31, 32, 33, 34, 35, 36, 37, 38, 39, 40, 41, 42, 43, 44, 45, 46, 47, 49, 50, 51, 52, 53, 54, 56, 57)","[0.48944028 0.49371063 0.48490094 0.48649946 0.49966187 0.49496662
 0.49584703 0.48855274 0.48696512 0.47574294]",0.48962876380267273,"('n_unique_tokens', 'n_non_stop_words', 'n_non_stop_unique_tokens', 'num_hrefs', 'num_self_hrefs', 'num_imgs', 'num_videos', 'average_token_length', 'num_keywords', 'data_channel_is_lifestyle', 'data_channel_is_entertainment', 'data_channel_is_bus', 'data_channel_is_tech', 'data_channel_is_world', 'kw_min_min', 'kw_avg_max', 'kw_min_avg', 'kw_max_avg', 'kw_avg_avg', 'self_reference_min_shares', 'self_reference_max_shares', 'weekday_is_monday', 'weekday_is_tuesday', 'weekday_is_wednesday', 'weekday_is_thursday', 'weekday_is_friday', 'weekday_is_saturday', 'weekday_is_sunday', 'is_weekend', 'LDA_00', 'LDA_01', 'LDA_02', 'LDA_03', 'LDA_04', 'global_subjectivity', 'global_sentiment_polarity', 'global_rate_positive_words', 'global_rate_negative_words', 'rate_positive_words', 'rate_negative_words', 'min_positive_polarity', 'max_positive_polarity', 'avg_negative_polarity', 'min_negative_polarity', 'max_negative_polarity', 'title_subjectivity', 'abs_title_subjectivity', 'abs_title_sentiment_polarity')",0.0048003253343739186,0.006463230956375051,0.0021544103187916834
47,"(2, 3, 4, 5, 6, 8, 9, 10, 11, 12, 13, 15, 16, 17, 22, 23, 24, 25, 26, 27, 29, 30, 31, 32, 33, 34, 35, 36, 37, 38, 39, 40, 41, 42, 43, 44, 45, 46, 47, 49, 50, 51, 52, 53, 54, 56, 57)","[0.48622744 0.49499475 0.48635699 0.48544485 0.50084778 0.49250732
 0.49343544 0.49217882 0.48688538 0.47779244]",0.48966712068487067,"('n_unique_tokens', 'n_non_stop_words', 'n_non_stop_unique_tokens', 'num_hrefs', 'num_self_hrefs', 'num_videos', 'average_token_length', 'num_keywords', 'data_channel_is_lifestyle', 'data_channel_is_entertainment', 'data_channel_is_bus', 'data_channel_is_tech', 'data_channel_is_world', 'kw_min_min', 'kw_avg_max', 'kw_min_avg', 'kw_max_avg', 'kw_avg_avg', 'self_reference_min_shares', 'self_reference_max_shares', 'weekday_is_monday', 'weekday_is_tuesday', 'weekday_is_wednesday', 'weekday_is_thursday', 'weekday_is_friday', 'weekday_is_saturday', 'weekday_is_sunday', 'is_weekend', 'LDA_00', 'LDA_01', 'LDA_02', 'LDA_03', 'LDA_04', 'global_subjectivity', 'global_sentiment_polarity', 'global_rate_positive_words', 'global_rate_negative_words', 'rate_positive_words', 'rate_negative_words', 'min_positive_polarity', 'max_positive_polarity', 'avg_negative_polarity', 'min_negative_polarity', 'max_negative_polarity', 'title_subjectivity', 'abs_title_subjectivity', 'abs_title_sentiment_polarity')",0.004525848726322924,0.006093671481467631,0.0020312238271558767
46,"(2, 3, 4, 5, 6, 8, 9, 10, 11, 12, 13, 15, 16, 17, 22, 23, 24, 25, 26, 27, 29, 30, 31, 32, 33, 34, 35, 36, 37, 38, 39, 40, 41, 42, 43, 44, 45, 46, 49, 50, 51, 52, 53, 54, 56, 57)","[0.48622744 0.49499475 0.48635699 0.48544485 0.50084778 0.49250732
 0.49350944 0.49217882 0.48688538 0.47779244]",0.4896745212886196,"('n_unique_tokens', 'n_non_stop_words', 'n_non_stop_unique_tokens', 'num_hrefs', 'num_self_hrefs', 'num_videos', 'average_token_length', 'num_keywords', 'data_channel_is_lifestyle', 'data_channel_is_entertainment', 'data_channel_is_bus', 'data_channel_is_tech', 'data_channel_is_world', 'kw_min_min', 'kw_avg_max', 'kw_min_avg', 'kw_max_avg', 'kw_avg_avg', 'self_reference_min_shares', 'self_reference_max_shares', 'weekday_is_monday', 'weekday_is_tuesday', 'weekday_is_wednesday', 'weekday_is_thursday', 'weekday_is_friday', 'weekday_is_saturday', 'weekday_is_sunday', 'is_weekend', 'LDA_00', 'LDA_01', 'LDA_02', 'LDA_03', 'LDA_04', 'global_subjectivity', 'global_sentiment_polarity', 'global_rate_positive_words', 'global_rate_negative_words', 'rate_positive_words', 'min_positive_polarity', 'max_positive_polarity', 'avg_negative_polarity', 'min_negative_polarity', 'max_negative_polarity', 'title_subjectivity', 'abs_title_subjectivity', 'abs_title_sentiment_polarity')",0.004529276508626458,0.0060982866996357145,0.0020327622332119047
45,"(2, 3, 4, 5, 6, 8, 9, 10, 11, 12, 13, 15, 16, 17, 22, 23, 24, 25, 26, 27, 29, 30, 31, 32, 33, 34, 36, 37, 38, 39, 40, 41, 42, 43, 44, 45, 46, 49, 50, 51, 52, 53, 54, 56, 57)","[0.48622744 0.49499475 0.48635699 0.48544485 0.50084778 0.49250732
 0.49350944 0.49217882 0.48688538 0.47779244]",0.4896745212886196,"('n_unique_tokens', 'n_non_stop_words', 'n_non_stop_unique_tokens', 'num_hrefs', 'num_self_hrefs', 'num_videos', 'average_token_length', 'num_keywords', 'data_channel_is_lifestyle', 'data_channel_is_entertainment', 'data_channel_is_bus', 'data_channel_is_tech', 'data_channel_is_world', 'kw_min_min', 'kw_avg_max', 'kw_min_avg', 'kw_max_avg', 'kw_avg_avg', 'self_reference_min_shares', 'self_reference_max_shares', 'weekday_is_monday', 'weekday_is_tuesday', 'weekday_is_wednesday', 'weekday_is_thursday', 'weekday_is_friday', 'weekday_is_saturday', 'is_weekend', 'LDA_00', 'LDA_01', 'LDA_02', 'LDA_03', 'LDA_04', 'global_subjectivity', 'global_sentiment_polarity', 'global_rate_positive_words', 'global_rate_negative_words', 'rate_positive_words', 'min_positive_polarity', 'max_positive_polarity', 'avg_negative_polarity', 'min_negative_polarity', 'max_negative_polarity', 'title_subjectivity', 'abs_title_subjectivity', 'abs_title_sentiment_polarity')",0.004529276508626458,0.0060982866996357145,0.0020327622332119047
44,"(2, 3, 4, 5, 6, 8, 9, 10, 11, 12, 13, 15, 16, 17, 22, 23, 24, 25, 26, 27, 29, 30, 31, 33, 34, 36, 37, 38, 39, 40, 41, 42, 43, 44, 45, 46, 49, 50, 51, 52, 53, 54, 56, 57)","[0.48622744 0.49499475 0.48635699 0.48560645 0.50084778 0.49250732
 0.49350944 0.49217882 0.48688538 0.47779244]",0.48969068159889756,"('n_unique_tokens', 'n_non_stop_words', 'n_non_stop_unique_tokens', 'num_hrefs', 'num_self_hrefs', 'num_videos', 'average_token_length', 'num_keywords', 'data_channel_is_lifestyle', 'data_channel_is_entertainment', 'data_channel_is_bus', 'data_channel_is_tech', 'data_channel_is_world', 'kw_min_min', 'kw_avg_max', 'kw_min_avg', 'kw_max_avg', 'kw_avg_avg', 'self_reference_min_shares', 'self_reference_max_shares', 'weekday_is_monday', 'weekday_is_tuesday', 'weekday_is_wednesday', 'weekday_is_friday', 'weekday_is_saturday', 'is_weekend', 'LDA_00', 'LDA_01', 'LDA_02', 'LDA_03', 'LDA_04', 'global_subjectivity', 'global_sentiment_polarity', 'global_rate_positive_words', 'global_rate_negative_words', 'rate_positive_words', 'min_positive_polarity', 'max_positive_polarity', 'avg_negative_polarity', 'min_negative_polarity', 'max_negative_polarity', 'title_subjectivity', 'abs_title_subjectivity', 'abs_title_sentiment_polarity')",0.004521087507436969,0.006087260904027508,0.0020290869680091696
43,"(2, 3, 4, 5, 6, 8, 9, 10, 11, 12, 13, 15, 16, 17, 22, 23, 24, 25, 26, 27, 29, 30, 31, 34, 36, 37, 38, 39, 40, 41, 42, 43, 44, 45, 46, 49, 50, 51, 52, 53, 54, 56, 57)","[0.48629522 0.49577194 0.48603635 0.48562273 0.50068883 0.49234756
 0.49461185 0.49330404 0.48594139 0.47914535]",0.4899765267441004,"('n_unique_tokens', 'n_non_stop_words', 'n_non_stop_unique_tokens', 'num_hrefs', 'num_self_hrefs', 'num_videos', 'average_token_length', 'num_keywords', 'data_channel_is_lifestyle', 'data_channel_is_entertainment', 'data_channel_is_bus', 'data_channel_is_tech', 'data_channel_is_world', 'kw_min_min', 'kw_avg_max', 'kw_min_avg', 'kw_max_avg', 'kw_avg_avg', 'self_reference_min_shares', 'self_reference_max_shares', 'weekday_is_monday', 'weekday_is_tuesday', 'weekday_is_wednesday', 'weekday_is_saturday', 'is_weekend', 'LDA_00', 'LDA_01', 'LDA_02', 'LDA_03', 'LDA_04', 'global_subjectivity', 'global_sentiment_polarity', 'global_rate_positive_words', 'global_rate_negative_words', 'rate_positive_words', 'min_positive_polarity', 'max_positive_polarity', 'avg_negative_polarity', 'min_negative_polarity', 'max_negative_polarity', 'title_subjectivity', 'abs_title_subjectivity', 'abs_title_sentiment_polarity')",0.004506437578096573,0.006067536016602998,0.0020225120055343323
42,"(2, 3, 4, 5, 6, 8, 9, 10, 11, 12, 13, 15, 16, 17, 22, 23, 24, 25, 26, 27, 29, 30, 31, 34, 36, 37, 38, 39, 40, 42, 43, 44, 45, 46, 49, 50, 51, 52, 53, 54, 56, 57)","[0.48629522 0.49577194 0.48603635 0.48562273 0.50068883 0.49234756
 0.49461185 0.49330404 0.48688538 0.4790075 ]",0.4900571403662135,"('n_unique_tokens', 'n_non_stop_words', 'n_non_stop_unique_tokens', 'num_hrefs', 'num_self_hrefs', 'num_videos', 'average_token_length', 'num_keywords', 'data_channel_is_lifestyle', 'data_channel_is_entertainment', 'data_channel_is_bus', 'data_channel_is_tech', 'data_channel_is_world', 'kw_min_min', 'kw_avg_max', 'kw_min_avg', 'kw_max_avg', 'kw_avg_avg', 'self_reference_min_shares', 'self_reference_max_shares', 'weekday_is_monday', 'weekday_is_tuesday', 'weekday_is_wednesday', 'weekday_is_saturday', 'is_weekend', 'LDA_00', 'LDA_01', 'LDA_02', 'LDA_03', 'global_subjectivity', 'global_sentiment_polarity', 'global_rate_positive_words', 'global_rate_negative_words', 'rate_positive_words', 'min_positive_polarity', 'max_positive_polarity', 'avg_negative_polarity', 'min_negative_polarity', 'max_negative_polarity', 'title_subjectivity', 'abs_title_subjectivity', 'abs_title_sentiment_polarity')",0.0044832004802603425,0.00603624923506009,0.0020120830783533633
41,"(2, 3, 4, 5, 6, 8, 9, 10, 11, 12, 13, 15, 16, 17, 22, 23, 24, 25, 26, 27, 29, 30, 31, 34, 36, 37, 38, 39, 42, 43, 44, 45, 46, 49, 50, 51, 52, 53, 54, 56, 57)","[0.48716845 0.49468024 0.48627586 0.48641053 0.50054157 0.49291353
 0.49453798 0.49330144 0.48672874 0.47922627]",0.490178461177432,"('n_unique_tokens', 'n_non_stop_words', 'n_non_stop_unique_tokens', 'num_hrefs', 'num_self_hrefs', 'num_videos', 'average_token_length', 'num_keywords', 'data_channel_is_lifestyle', 'data_channel_is_entertainment', 'data_channel_is_bus', 'data_channel_is_tech', 'data_channel_is_world', 'kw_min_min', 'kw_avg_max', 'kw_min_avg', 'kw_max_avg', 'kw_avg_avg', 'self_reference_min_shares', 'self_reference_max_shares', 'weekday_is_monday', 'weekday_is_tuesday', 'weekday_is_wednesday', 'weekday_is_saturday', 'is_weekend', 'LDA_00', 'LDA_01', 'LDA_02', 'global_subjectivity', 'global_sentiment_polarity', 'global_rate_positive_words', 'global_rate_negative_words', 'rate_positive_words', 'min_positive_polarity', 'max_positive_polarity', 'avg_negative_polarity', 'min_negative_polarity', 'max_negative_polarity', 'title_subjectivity', 'abs_title_subjectivity', 'abs_title_sentiment_polarity')",0.004293867992483246,0.005781329097192386,0.0019271096990641286
40,"(2, 3, 4, 5, 6, 8, 9, 10, 11, 12, 13, 15, 16, 17, 22, 23, 24, 25, 26, 27, 29, 31, 34, 36, 37, 38, 39, 42, 43, 44, 45, 46, 49, 50, 51, 52, 53, 54, 56, 57)","[0.48709514 0.49525387 0.48635699 0.48641053 0.50140466 0.4927614
 0.49382427 0.49415257 0.48600791 0.47964803]",0.49029153826046434,"('n_unique_tokens', 'n_non_stop_words', 'n_non_stop_unique_tokens', 'num_hrefs', 'num_self_hrefs', 'num_videos', 'average_token_length', 'num_keywords', 'data_channel_is_lifestyle', 'data_channel_is_entertainment', 'data_channel_is_bus', 'data_channel_is_tech', 'data_channel_is_world', 'kw_min_min', 'kw_avg_max', 'kw_min_avg', 'kw_max_avg', 'kw_avg_avg', 'self_reference_min_shares', 'self_reference_max_shares', 'weekday_is_monday', 'weekday_is_wednesday', 'weekday_is_saturday', 'is_weekend', 'LDA_00', 'LDA_01', 'LDA_02', 'global_subjectivity', 'global_sentiment_polarity', 'global_rate_positive_words', 'global_rate_negative_words', 'rate_positive_words', 'min_positive_polarity', 'max_positive_polarity', 'avg_negative_polarity', 'min_negative_polarity', 'max_negative_polarity', 'title_subjectivity', 'abs_title_subjectivity', 'abs_title_sentiment_polarity')",0.004419035040498039,0.005949855912167689,0.0019832853040558963
39,"(2, 3, 4, 5, 6, 8, 9, 10, 11, 12, 13, 15, 16, 17, 22, 23, 24, 25, 26, 27, 29, 31, 34, 36, 37, 39, 42, 43, 44, 45, 46, 49, 50, 51, 52, 53, 54, 56, 57)","[0.48776324 0.49682226 0.48926454 0.48410204 0.50052714 0.48726762
 0.49545351 0.4943042  0.48791724 0.47849911]",0.49019209143874176,"('n_unique_tokens', 'n_non_stop_words', 'n_non_stop_unique_tokens', 'num_hrefs', 'num_self_hrefs', 'num_videos', 'average_token_length', 'num_keywords', 'data_channel_is_lifestyle', 'data_channel_is_entertainment', 'data_channel_is_bus', 'data_channel_is_tech', 'data_channel_is_world', 'kw_min_min', 'kw_avg_max', 'kw_min_avg', 'kw_max_avg', 'kw_avg_avg', 'self_reference_min_shares', 'self_reference_max_shares', 'weekday_is_monday', 'weekday_is_wednesday', 'weekday_is_saturday', 'is_weekend', 'LDA_00', 'LDA_02', 'global_subjectivity', 'global_sentiment_polarity', 'global_rate_positive_words', 'global_rate_negative_words', 'rate_positive_words', 'min_positive_polarity', 'max_positive_polarity', 'avg_negative_polarity', 'min_negative_polarity', 'max_negative_polarity', 'title_subjectivity', 'abs_title_subjectivity', 'abs_title_sentiment_polarity')",0.004636254140986126,0.006242323009040749,0.0020807743363469165
38,"(2, 3, 4, 5, 6, 8, 9, 10, 11, 12, 13, 15, 16, 17, 22, 23, 24, 25, 26, 27, 29, 31, 34, 36, 37, 39, 42, 43, 44, 45, 49, 50, 51, 52, 53, 54, 56, 57)","[0.48783646 0.49623586 0.48724765 0.48372772 0.50124694 0.49401258
 0.49583655 0.49288362 0.48784444 0.47857236]",0.4905444188280332,"('n_unique_tokens', 'n_non_stop_words', 'n_non_stop_unique_tokens', 'num_hrefs', 'num_self_hrefs', 'num_videos', 'average_token_length', 'num_keywords', 'data_channel_is_lifestyle', 'data_channel_is_entertainment', 'data_channel_is_bus', 'data_channel_is_tech', 'data_channel_is_world', 'kw_min_min', 'kw_avg_max', 'kw_min_avg', 'kw_max_avg', 'kw_avg_avg', 'self_reference_min_shares', 'self_reference_max_shares', 'weekday_is_monday', 'weekday_is_wednesday', 'weekday_is_saturday', 'is_weekend', 'LDA_00', 'LDA_02', 'global_subjectivity', 'global_sentiment_polarity', 'global_rate_positive_words', 'global_rate_negative_words', 'min_positive_polarity', 'max_positive_polarity', 'avg_negative_polarity', 'min_negative_polarity', 'max_negative_polarity', 'title_subjectivity', 'abs_title_subjectivity', 'abs_title_sentiment_polarity')",0.004742512587480817,0.006385390995671366,0.0021284636652237885
37,"(2, 3, 4, 5, 6, 8, 9, 10, 11, 12, 13, 15, 16, 17, 23, 24, 25, 26, 27, 29, 31, 34, 36, 37, 39, 42, 43, 44, 45, 49, 50, 51, 52, 53, 54, 56, 57)","[0.48681311 0.49647966 0.48837547 0.48437519 0.50164223 0.49383007
 0.49554914 0.49371847 0.48777171 0.47891972]",0.4907474767939924,"('n_unique_tokens', 'n_non_stop_words', 'n_non_stop_unique_tokens', 'num_hrefs', 'num_self_hrefs', 'num_videos', 'average_token_length', 'num_keywords', 'data_channel_is_lifestyle', 'data_channel_is_entertainment', 'data_channel_is_bus', 'data_channel_is_tech', 'data_channel_is_world', 'kw_min_min', 'kw_min_avg', 'kw_max_avg', 'kw_avg_avg', 'self_reference_min_shares', 'self_reference_max_shares', 'weekday_is_monday', 'weekday_is_wednesday', 'weekday_is_saturday', 'is_weekend', 'LDA_00', 'LDA_02', 'global_subjectivity', 'global_sentiment_polarity', 'global_rate_positive_words', 'global_rate_negative_words', 'min_positive_polarity', 'max_positive_polarity', 'avg_negative_polarity', 'min_negative_polarity', 'max_negative_polarity', 'title_subjectivity', 'abs_title_subjectivity', 'abs_title_sentiment_polarity')",0.00471725847979766,0.006351388481428298,0.0021171294938094323
36,"(2, 3, 4, 5, 6, 9, 10, 11, 12, 13, 15, 16, 17, 23, 24, 25, 26, 27, 29, 31, 34, 36, 37, 39, 42, 43, 44, 45, 49, 50, 51, 52, 53, 54, 56, 57)","[0.48981957 0.49652845 0.4870015  0.48526456 0.50172526 0.49368268
 0.4970275  0.49260162 0.4881528  0.47905763]",0.49108615879513173,"('n_unique_tokens', 'n_non_stop_words', 'n_non_stop_unique_tokens', 'num_hrefs', 'num_self_hrefs', 'average_token_length', 'num_keywords', 'data_channel_is_lifestyle', 'data_channel_is_entertainment', 'data_channel_is_bus', 'data_channel_is_tech', 'data_channel_is_world', 'kw_min_min', 'kw_min_avg', 'kw_max_avg', 'kw_avg_avg', 'self_reference_min_shares', 'self_reference_max_shares', 'weekday_is_monday', 'weekday_is_wednesday', 'weekday_is_saturday', 'is_weekend', 'LDA_00', 'LDA_02', 'global_subjectivity', 'global_sentiment_polarity', 'global_rate_positive_words', 'global_rate_negative_words', 'min_positive_polarity', 'max_positive_polarity', 'avg_negative_polarity', 'min_negative_polarity', 'max_negative_polarity', 'title_subjectivity', 'abs_title_subjectivity', 'abs_title_sentiment_polarity')",0.004653775467239825,0.006265913988891374,0.0020886379962971246
35,"(2, 3, 4, 5, 6, 9, 10, 11, 12, 13, 15, 16, 17, 23, 24, 25, 26, 27, 29, 31, 34, 36, 37, 39, 42, 43, 44, 45, 50, 51, 52, 53, 54, 56, 57)","[0.48966817 0.49633838 0.48884475 0.48541133 0.500836   0.49338999
 0.49678518 0.4928962  0.48849396 0.47892209]",0.4911586058072298,"('n_unique_tokens', 'n_non_stop_words', 'n_non_stop_unique_tokens', 'num_hrefs', 'num_self_hrefs', 'average_token_length', 'num_keywords', 'data_channel_is_lifestyle', 'data_channel_is_entertainment', 'data_channel_is_bus', 'data_channel_is_tech', 'data_channel_is_world', 'kw_min_min', 'kw_min_avg', 'kw_max_avg', 'kw_avg_avg', 'self_reference_min_shares', 'self_reference_max_shares', 'weekday_is_monday', 'weekday_is_wednesday', 'weekday_is_saturday', 'is_weekend', 'LDA_00', 'LDA_02', 'global_subjectivity', 'global_sentiment_polarity', 'global_rate_positive_words', 'global_rate_negative_words', 'max_positive_polarity', 'avg_negative_polarity', 'min_negative_polarity', 'max_negative_polarity', 'title_subjectivity', 'abs_title_subjectivity', 'abs_title_sentiment_polarity')",0.00444125947731821,0.005979779231534306,0.001993259743844768
34,"(2, 3, 4, 5, 6, 9, 10, 11, 12, 13, 15, 16, 17, 23, 24, 25, 26, 27, 29, 31, 34, 36, 37, 39, 42, 43, 44, 50, 51, 52, 53, 54, 56, 57)","[0.48966817 0.49619231 0.48842729 0.48467407 0.500836   0.49331837
 0.49695405 0.4928962  0.48834894 0.4789931 ]",0.49103084827236376,"('n_unique_tokens', 'n_non_stop_words', 'n_non_stop_unique_tokens', 'num_hrefs', 'num_self_hrefs', 'average_token_length', 'num_keywords', 'data_channel_is_lifestyle', 'data_channel_is_entertainment', 'data_channel_is_bus', 'data_channel_is_tech', 'data_channel_is_world', 'kw_min_min', 'kw_min_avg', 'kw_max_avg', 'kw_avg_avg', 'self_reference_min_shares', 'self_reference_max_shares', 'weekday_is_monday', 'weekday_is_wednesday', 'weekday_is_saturday', 'is_weekend', 'LDA_00', 'LDA_02', 'global_subjectivity', 'global_sentiment_polarity', 'global_rate_positive_words', 'max_positive_polarity', 'avg_negative_polarity', 'min_negative_polarity', 'max_negative_polarity', 'title_subjectivity', 'abs_title_subjectivity', 'abs_title_sentiment_polarity')",0.004503819112152106,0.006064010474275834,0.002021336824758611
33,"(3, 4, 5, 6, 9, 10, 11, 12, 13, 15, 16, 17, 23, 24, 25, 26, 27, 29, 31, 34, 36, 37, 39, 42, 43, 44, 50, 51, 52, 53, 54, 56, 57)","[0.48981518 0.49533981 0.48848777 0.48540355 0.50170385 0.49298768
 0.49695405 0.49304532 0.48754545 0.47805748]",0.49093401317136365,"('n_non_stop_words', 'n_non_stop_unique_tokens', 'num_hrefs', 'num_self_hrefs', 'average_token_length', 'num_keywords', 'data_channel_is_lifestyle', 'data_channel_is_entertainment', 'data_channel_is_bus', 'data_channel_is_tech', 'data_channel_is_world', 'kw_min_min', 'kw_min_avg', 'kw_max_avg', 'kw_avg_avg', 'self_reference_min_shares', 'self_reference_max_shares', 'weekday_is_monday', 'weekday_is_wednesday', 'weekday_is_saturday', 'is_weekend', 'LDA_00', 'LDA_02', 'global_subjectivity', 'global_sentiment_polarity', 'global_rate_positive_words', 'max_positive_polarity', 'avg_negative_polarity', 'min_negative_polarity', 'max_negative_polarity', 'title_subjectivity', 'abs_title_subjectivity', 'abs_title_sentiment_polarity')",0.004670392246995869,0.0062882870735957545,0.0020960956911985846
32,"(3, 4, 5, 6, 9, 10, 11, 12, 13, 15, 16, 17, 23, 24, 25, 26, 27, 29, 31, 36, 37, 39, 42, 43, 44, 50, 51, 52, 53, 54, 56, 57)","[0.49004018 0.49526699 0.48850044 0.48540355 0.50170385 0.49315264
 0.49571564 0.493038   0.48754545 0.4779225 ]",0.4908289234514653,"('n_non_stop_words', 'n_non_stop_unique_tokens', 'num_hrefs', 'num_self_hrefs', 'average_token_length', 'num_keywords', 'data_channel_is_lifestyle', 'data_channel_is_entertainment', 'data_channel_is_bus', 'data_channel_is_tech', 'data_channel_is_world', 'kw_min_min', 'kw_min_avg', 'kw_max_avg', 'kw_avg_avg', 'self_reference_min_shares', 'self_reference_max_shares', 'weekday_is_monday', 'weekday_is_wednesday', 'is_weekend', 'LDA_00', 'LDA_02', 'global_subjectivity', 'global_sentiment_polarity', 'global_rate_positive_words', 'max_positive_polarity', 'avg_negative_polarity', 'min_negative_polarity', 'max_negative_polarity', 'title_subjectivity', 'abs_title_subjectivity', 'abs_title_sentiment_polarity')",0.004608147557063157,0.006204479877453799,0.002068159959151266
31,"(3, 5, 6, 9, 10, 11, 12, 13, 15, 16, 17, 23, 24, 25, 26, 27, 29, 31, 36, 37, 39, 42, 43, 44, 50, 51, 52, 53, 54, 56, 57)","[0.49004018 0.49524548 0.48841458 0.48526148 0.50154861 0.49298768
 0.49608392 0.49304253 0.48747533 0.47865381]",0.4908753594673046,"('n_non_stop_words', 'num_hrefs', 'num_self_hrefs', 'average_token_length', 'num_keywords', 'data_channel_is_lifestyle', 'data_channel_is_entertainment', 'data_channel_is_bus', 'data_channel_is_tech', 'data_channel_is_world', 'kw_min_min', 'kw_min_avg', 'kw_max_avg', 'kw_avg_avg', 'self_reference_min_shares', 'self_reference_max_shares', 'weekday_is_monday', 'weekday_is_wednesday', 'is_weekend', 'LDA_00', 'LDA_02', 'global_subjectivity', 'global_sentiment_polarity', 'global_rate_positive_words', 'max_positive_polarity', 'avg_negative_polarity', 'min_negative_polarity', 'max_negative_polarity', 'title_subjectivity', 'abs_title_subjectivity', 'abs_title_sentiment_polarity')",0.004508573764711949,0.006070412210714723,0.0020234707369049076
30,"(3, 5, 6, 9, 10, 11, 12, 13, 15, 16, 17, 23, 24, 25, 26, 27, 29, 31, 36, 37, 39, 42, 43, 50, 51, 52, 53, 54, 56, 57)","[0.48959394 0.49514824 0.48850221 0.48573385 0.50087658 0.49296679
 0.49630379 0.49407502 0.48731852 0.47784908]",0.490836802548384,"('n_non_stop_words', 'num_hrefs', 'num_self_hrefs', 'average_token_length', 'num_keywords', 'data_channel_is_lifestyle', 'data_channel_is_entertainment', 'data_channel_is_bus', 'data_channel_is_tech', 'data_channel_is_world', 'kw_min_min', 'kw_min_avg', 'kw_max_avg', 'kw_avg_avg', 'self_reference_min_shares', 'self_reference_max_shares', 'weekday_is_monday', 'weekday_is_wednesday', 'is_weekend', 'LDA_00', 'LDA_02', 'global_subjectivity', 'global_sentiment_polarity', 'max_positive_polarity', 'avg_negative_polarity', 'min_negative_polarity', 'max_negative_polarity', 'title_subjectivity', 'abs_title_subjectivity', 'abs_title_sentiment_polarity')",0.004568685405275031,0.006151347436780285,0.0020504491455934286
29,"(3, 5, 6, 9, 10, 11, 12, 13, 15, 16, 17, 23, 24, 25, 26, 27, 29, 31, 36, 39, 42, 43, 50, 51, 52, 53, 54, 56, 57)","[0.4895976  0.4949788  0.48834145 0.48718536 0.49970153 0.49311037
 0.49604457 0.49407502 0.48731852 0.47899064]",0.4909343859042427,"('n_non_stop_words', 'num_hrefs', 'num_self_hrefs', 'average_token_length', 'num_keywords', 'data_channel_is_lifestyle', 'data_channel_is_entertainment', 'data_channel_is_bus', 'data_channel_is_tech', 'data_channel_is_world', 'kw_min_min', 'kw_min_avg', 'kw_max_avg', 'kw_avg_avg', 'self_reference_min_shares', 'self_reference_max_shares', 'weekday_is_monday', 'weekday_is_wednesday', 'is_weekend', 'LDA_02', 'global_subjectivity', 'global_sentiment_polarity', 'max_positive_polarity', 'avg_negative_polarity', 'min_negative_polarity', 'max_negative_polarity', 'title_subjectivity', 'abs_title_subjectivity', 'abs_title_sentiment_polarity')",0.004150068315123176,0.005587715027001127,0.0018625716756670424
28,"(3, 5, 6, 9, 10, 11, 12, 13, 15, 16, 17, 23, 24, 25, 26, 27, 29, 31, 36, 39, 42, 43, 50, 51, 52, 53, 56, 57)","[0.48782458 0.49428767 0.48939768 0.48718536 0.49880279 0.49243573
 0.49621053 0.49407502 0.48826528 0.47850717]",0.49069918192553796,"('n_non_stop_words', 'num_hrefs', 'num_self_hrefs', 'average_token_length', 'num_keywords', 'data_channel_is_lifestyle', 'data_channel_is_entertainment', 'data_channel_is_bus', 'data_channel_is_tech', 'data_channel_is_world', 'kw_min_min', 'kw_min_avg', 'kw_max_avg', 'kw_avg_avg', 'self_reference_min_shares', 'self_reference_max_shares', 'weekday_is_monday', 'weekday_is_wednesday', 'is_weekend', 'LDA_02', 'global_subjectivity', 'global_sentiment_polarity', 'max_positive_polarity', 'avg_negative_polarity', 'min_negative_polarity', 'max_negative_polarity', 'abs_title_subjectivity', 'abs_title_sentiment_polarity')",0.004069400561181167,0.00547910273759528,0.0018263675791984266
27,"(5, 6, 9, 10, 11, 12, 13, 15, 16, 17, 23, 24, 25, 26, 27, 29, 31, 36, 39, 42, 43, 50, 51, 52, 53, 56, 57)","[0.48987109 0.49350981 0.49019071 0.48718536 0.49851538 0.49227343
 0.49683177 0.49355258 0.48746373 0.47849694]",0.4907890802964058,"('num_hrefs', 'num_self_hrefs', 'average_token_length', 'num_keywords', 'data_channel_is_lifestyle', 'data_channel_is_entertainment', 'data_channel_is_bus', 'data_channel_is_tech', 'data_channel_is_world', 'kw_min_min', 'kw_min_avg', 'kw_max_avg', 'kw_avg_avg', 'self_reference_min_shares', 'self_reference_max_shares', 'weekday_is_monday', 'weekday_is_wednesday', 'is_weekend', 'LDA_02', 'global_subjectivity', 'global_sentiment_polarity', 'max_positive_polarity', 'avg_negative_polarity', 'min_negative_polarity', 'max_negative_polarity', 'abs_title_subjectivity', 'abs_title_sentiment_polarity')",0.0039982154730594105,0.005383258053509753,0.0017944193511699176
26,"(5, 6, 9, 11, 12, 13, 15, 16, 17, 23, 24, 25, 26, 27, 29, 31, 36, 39, 42, 43, 50, 51, 52, 53, 56, 57)","[0.48825446 0.49209407 0.49026383 0.4870585  0.49979732 0.49212998
 0.49599114 0.49348505 0.48714558 0.47849694]",0.49047168736878677,"('num_hrefs', 'num_self_hrefs', 'average_token_length', 'data_channel_is_lifestyle', 'data_channel_is_entertainment', 'data_channel_is_bus', 'data_channel_is_tech', 'data_channel_is_world', 'kw_min_min', 'kw_min_avg', 'kw_max_avg', 'kw_avg_avg', 'self_reference_min_shares', 'self_reference_max_shares', 'weekday_is_monday', 'weekday_is_wednesday', 'is_weekend', 'LDA_02', 'global_subjectivity', 'global_sentiment_polarity', 'max_positive_polarity', 'avg_negative_polarity', 'min_negative_polarity', 'max_negative_polarity', 'abs_title_subjectivity', 'abs_title_sentiment_polarity')",0.004088031764717533,0.0055041880730804585,0.0018347293576934862
25,"(5, 6, 9, 11, 12, 13, 15, 17, 23, 24, 25, 26, 27, 29, 31, 36, 39, 42, 43, 50, 51, 52, 53, 56, 57)","[0.48570214 0.49257523 0.48899301 0.48892646 0.49983222 0.49410014
 0.49772629 0.49234527 0.48815043 0.47532434]",0.4903675519335494,"('num_hrefs', 'num_self_hrefs', 'average_token_length', 'data_channel_is_lifestyle', 'data_channel_is_entertainment', 'data_channel_is_bus', 'data_channel_is_tech', 'kw_min_min', 'kw_min_avg', 'kw_max_avg', 'kw_avg_avg', 'self_reference_min_shares', 'self_reference_max_shares', 'weekday_is_monday', 'weekday_is_wednesday', 'is_weekend', 'LDA_02', 'global_subjectivity', 'global_sentiment_polarity', 'max_positive_polarity', 'avg_negative_polarity', 'min_negative_polarity', 'max_negative_polarity', 'abs_title_subjectivity', 'abs_title_sentiment_polarity')",0.004832741799731759,0.006506876977801299,0.002168958992600433
24,"(5, 6, 9, 11, 12, 13, 15, 17, 23, 24, 25, 26, 27, 29, 31, 36, 39, 42, 43, 50, 51, 52, 53, 56)","[0.48812539 0.49291026 0.48962777 0.48680314 0.50098132 0.49525958
 0.49789486 0.49039    0.48556409 0.47619499]",0.4903751389614758,"('num_hrefs', 'num_self_hrefs', 'average_token_length', 'data_channel_is_lifestyle', 'data_channel_is_entertainment', 'data_channel_is_bus', 'data_channel_is_tech', 'kw_min_min', 'kw_min_avg', 'kw_max_avg', 'kw_avg_avg', 'self_reference_min_shares', 'self_reference_max_shares', 'weekday_is_monday', 'weekday_is_wednesday', 'is_weekend', 'LDA_02', 'global_subjectivity', 'global_sentiment_polarity', 'max_positive_polarity', 'avg_negative_polarity', 'min_negative_polarity', 'max_negative_polarity', 'abs_title_subjectivity')",0.004937360422447181,0.00664773708078343,0.0022159123602611434
23,"(5, 6, 9, 11, 12, 13, 15, 17, 23, 24, 25, 26, 27, 29, 36, 39, 42, 43, 50, 51, 52, 53, 56)","[0.48931968 0.4920926  0.48852147 0.48802433 0.49949654 0.49345254
 0.49858082 0.48993239 0.48460924 0.47630989]",0.490033951113667,"('num_hrefs', 'num_self_hrefs', 'average_token_length', 'data_channel_is_lifestyle', 'data_channel_is_entertainment', 'data_channel_is_bus', 'data_channel_is_tech', 'kw_min_min', 'kw_min_avg', 'kw_max_avg', 'kw_avg_avg', 'self_reference_min_shares', 'self_reference_max_shares', 'weekday_is_monday', 'is_weekend', 'LDA_02', 'global_subjectivity', 'global_sentiment_polarity', 'max_positive_polarity', 'avg_negative_polarity', 'min_negative_polarity', 'max_negative_polarity', 'abs_title_subjectivity')",0.0047157208015787605,0.006349318128114081,0.002116439376038027
22,"(5, 6, 9, 11, 12, 13, 15, 17, 23, 24, 25, 26, 27, 29, 36, 39, 42, 43, 50, 51, 53, 56)","[0.48937568 0.48694511 0.48960212 0.48735303 0.49816078 0.49338043
 0.49858082 0.4900793  0.48550715 0.4758793 ]",0.48948637353476576,"('num_hrefs', 'num_self_hrefs', 'average_token_length', 'data_channel_is_lifestyle', 'data_channel_is_entertainment', 'data_channel_is_bus', 'data_channel_is_tech', 'kw_min_min', 'kw_min_avg', 'kw_max_avg', 'kw_avg_avg', 'self_reference_min_shares', 'self_reference_max_shares', 'weekday_is_monday', 'is_weekend', 'LDA_02', 'global_subjectivity', 'global_sentiment_polarity', 'max_positive_polarity', 'avg_negative_polarity', 'max_negative_polarity', 'abs_title_subjectivity')",0.004611350817587991,0.0062087927960881245,0.0020695975986960414
21,"(5, 6, 9, 11, 12, 13, 15, 17, 23, 24, 25, 27, 29, 36, 39, 42, 43, 50, 51, 53, 56)","[0.48900892 0.48608213 0.48870924 0.48911017 0.50059074 0.49470954
 0.49847641 0.48927419 0.48406053 0.47459495]",0.48946168049842687,"('num_hrefs', 'num_self_hrefs', 'average_token_length', 'data_channel_is_lifestyle', 'data_channel_is_entertainment', 'data_channel_is_bus', 'data_channel_is_tech', 'kw_min_min', 'kw_min_avg', 'kw_max_avg', 'kw_avg_avg', 'self_reference_max_shares', 'weekday_is_monday', 'is_weekend', 'LDA_02', 'global_subjectivity', 'global_sentiment_polarity', 'max_positive_polarity', 'avg_negative_polarity', 'max_negative_polarity', 'abs_title_subjectivity')",0.005226529365892647,0.007037078539270797,0.002345692846423599
20,"(5, 6, 9, 11, 12, 13, 15, 17, 23, 24, 25, 27, 29, 36, 39, 42, 43, 50, 53, 56)","[0.49040978 0.4863744  0.48928192 0.48805121 0.49851621 0.48802024
 0.49840353 0.48927827 0.48469644 0.4737247 ]",0.4886756708499679,"('num_hrefs', 'num_self_hrefs', 'average_token_length', 'data_channel_is_lifestyle', 'data_channel_is_entertainment', 'data_channel_is_bus', 'data_channel_is_tech', 'kw_min_min', 'kw_min_avg', 'kw_max_avg', 'kw_avg_avg', 'self_reference_max_shares', 'weekday_is_monday', 'is_weekend', 'LDA_02', 'global_subjectivity', 'global_sentiment_polarity', 'max_positive_polarity', 'max_negative_polarity', 'abs_title_subjectivity')",0.004930442151910608,0.006638422216231154,0.0022128074054103843
19,"(5, 6, 9, 11, 12, 13, 15, 17, 23, 24, 25, 27, 29, 36, 39, 42, 43, 50, 56)","[0.49015217 0.48713324 0.48836196 0.48604251 0.49795224 0.4873228
 0.49885909 0.49044426 0.4843105  0.47375608]",0.4884334850744393,"('num_hrefs', 'num_self_hrefs', 'average_token_length', 'data_channel_is_lifestyle', 'data_channel_is_entertainment', 'data_channel_is_bus', 'data_channel_is_tech', 'kw_min_min', 'kw_min_avg', 'kw_max_avg', 'kw_avg_avg', 'self_reference_max_shares', 'weekday_is_monday', 'is_weekend', 'LDA_02', 'global_subjectivity', 'global_sentiment_polarity', 'max_positive_polarity', 'abs_title_subjectivity')",0.004967680305645988,0.006688560232139642,0.0022295200773798807
18,"(5, 6, 9, 11, 12, 13, 15, 17, 23, 24, 25, 29, 36, 39, 42, 43, 50, 56)","[0.49224309 0.48731774 0.49558887 0.48988301 0.49555726 0.49096343
 0.49843982 0.4874613  0.48426845 0.47466478]",0.48963877548513784,"('num_hrefs', 'num_self_hrefs', 'average_token_length', 'data_channel_is_lifestyle', 'data_channel_is_entertainment', 'data_channel_is_bus', 'data_channel_is_tech', 'kw_min_min', 'kw_min_avg', 'kw_max_avg', 'kw_avg_avg', 'weekday_is_monday', 'is_weekend', 'LDA_02', 'global_subjectivity', 'global_sentiment_polarity', 'max_positive_polarity', 'abs_title_subjectivity')",0.004811476776452145,0.006478245427401027,0.0021594151424670087
17,"(5, 6, 9, 11, 12, 13, 15, 17, 23, 24, 25, 29, 36, 39, 42, 43, 50)","[0.48987204 0.48428339 0.49365779 0.48888895 0.49326345 0.49150157
 0.49975204 0.48818548 0.48336636 0.47624643]",0.4889017500477312,"('num_hrefs', 'num_self_hrefs', 'average_token_length', 'data_channel_is_lifestyle', 'data_channel_is_entertainment', 'data_channel_is_bus', 'data_channel_is_tech', 'kw_min_min', 'kw_min_avg', 'kw_max_avg', 'kw_avg_avg', 'weekday_is_monday', 'is_weekend', 'LDA_02', 'global_subjectivity', 'global_sentiment_polarity', 'max_positive_polarity')",0.004576665462991447,0.0061620919077220926,0.002054030635907364
16,"(5, 6, 9, 11, 12, 13, 15, 17, 23, 24, 25, 29, 39, 42, 43, 50)","[0.49187546 0.48463856 0.49374392 0.48667041 0.49562023 0.4911161
 0.49813458 0.48918635 0.48389851 0.47582387]",0.4890707991626351,"('num_hrefs', 'num_self_hrefs', 'average_token_length', 'data_channel_is_lifestyle', 'data_channel_is_entertainment', 'data_channel_is_bus', 'data_channel_is_tech', 'kw_min_min', 'kw_min_avg', 'kw_max_avg', 'kw_avg_avg', 'weekday_is_monday', 'LDA_02', 'global_subjectivity', 'global_sentiment_polarity', 'max_positive_polarity')",0.004617909381624022,0.0062176233463434386,0.0020725411154478126
15,"(5, 6, 11, 12, 13, 15, 17, 23, 24, 25, 29, 39, 42, 43, 50)","[0.49117018 0.48102933 0.49390516 0.48385585 0.49377007 0.48973773
 0.49803509 0.48766234 0.48315728 0.4755631 ]",0.487788614775179,"('num_hrefs', 'num_self_hrefs', 'data_channel_is_lifestyle', 'data_channel_is_entertainment', 'data_channel_is_bus', 'data_channel_is_tech', 'kw_min_min', 'kw_min_avg', 'kw_max_avg', 'kw_avg_avg', 'weekday_is_monday', 'LDA_02', 'global_subjectivity', 'global_sentiment_polarity', 'max_positive_polarity')",0.004844727434664882,0.006523014618760104,0.0021743382062533677
14,"(5, 6, 11, 12, 13, 15, 17, 23, 24, 25, 29, 39, 43, 50)","[0.49064199 0.48462696 0.49313314 0.48454938 0.49654324 0.48285123
 0.49769227 0.48575784 0.48360809 0.4761729 ]",0.4875577037497421,"('num_hrefs', 'num_self_hrefs', 'data_channel_is_lifestyle', 'data_channel_is_entertainment', 'data_channel_is_bus', 'data_channel_is_tech', 'kw_min_min', 'kw_min_avg', 'kw_max_avg', 'kw_avg_avg', 'weekday_is_monday', 'LDA_02', 'global_sentiment_polarity', 'max_positive_polarity')",0.004768948031790011,0.006420984079494506,0.002140328026498168
13,"(5, 6, 11, 12, 13, 15, 17, 23, 24, 25, 39, 43, 50)","[0.49080103 0.48379687 0.48501049 0.48402689 0.4958076  0.48497369
 0.49743213 0.4861124  0.48287296 0.47769866]",0.4868532711549882,"('num_hrefs', 'num_self_hrefs', 'data_channel_is_lifestyle', 'data_channel_is_entertainment', 'data_channel_is_bus', 'data_channel_is_tech', 'kw_min_min', 'kw_min_avg', 'kw_max_avg', 'kw_avg_avg', 'LDA_02', 'global_sentiment_polarity', 'max_positive_polarity')",0.004280336668164304,0.005763110316562524,0.0019210367721875076
12,"(5, 6, 11, 12, 13, 17, 23, 24, 25, 39, 43, 50)","[0.48877147 0.47239371 0.48996835 0.48938935 0.49532975 0.48175073
 0.49482974 0.48708888 0.48779758 0.47145023]",0.48587697873221475,"('num_hrefs', 'num_self_hrefs', 'data_channel_is_lifestyle', 'data_channel_is_entertainment', 'data_channel_is_bus', 'kw_min_min', 'kw_min_avg', 'kw_max_avg', 'kw_avg_avg', 'LDA_02', 'global_sentiment_polarity', 'max_positive_polarity')",0.005843759635851716,0.00786812675165857,0.0026227089172195235
11,"(5, 6, 11, 12, 13, 17, 24, 25, 39, 43, 50)","[0.49030731 0.48319208 0.48309231 0.48025402 0.49357324 0.48292189
 0.49239048 0.48268885 0.485185   0.47856949]",0.48521746833844925,"('num_hrefs', 'num_self_hrefs', 'data_channel_is_lifestyle', 'data_channel_is_entertainment', 'data_channel_is_bus', 'kw_min_min', 'kw_max_avg', 'kw_avg_avg', 'LDA_02', 'global_sentiment_polarity', 'max_positive_polarity')",0.0036103192005209127,0.004860988619273522,0.0016203295397578409
10,"(5, 6, 12, 13, 17, 24, 25, 39, 43, 50)","[0.49093719 0.48326521 0.48420754 0.47918917 0.49397711 0.48360923
 0.49131274 0.48165111 0.48565685 0.48111752]",0.48549236723960176,"('num_hrefs', 'num_self_hrefs', 'data_channel_is_entertainment', 'data_channel_is_bus', 'kw_min_min', 'kw_max_avg', 'kw_avg_avg', 'LDA_02', 'global_sentiment_polarity', 'max_positive_polarity')",0.0034782666417371806,0.004683191047994769,0.001561063682664923
9,"(5, 12, 13, 17, 24, 25, 39, 43, 50)","[0.49330833 0.48186405 0.48312819 0.47696563 0.49283313 0.48274962
 0.49302772 0.48312217 0.47802348 0.478812  ]",0.48438343215984814,"('num_hrefs', 'data_channel_is_entertainment', 'data_channel_is_bus', 'kw_min_min', 'kw_max_avg', 'kw_avg_avg', 'LDA_02', 'global_sentiment_polarity', 'max_positive_polarity')",0.0044838673187354,0.006037147076513465,0.002012382358837822
8,"(5, 12, 13, 24, 25, 39, 43, 50)","[0.49173046 0.48251464 0.4808566  0.48010659 0.48987756 0.48101718
 0.49422264 0.47837339 0.47319817 0.47815176]",0.48300489884516046,"('num_hrefs', 'data_channel_is_entertainment', 'data_channel_is_bus', 'kw_max_avg', 'kw_avg_avg', 'LDA_02', 'global_sentiment_polarity', 'max_positive_polarity')",0.004741680088841014,0.0063842701068554785,0.002128090035618493
7,"(5, 12, 24, 25, 39, 43, 50)","[0.4916986  0.47437725 0.48046613 0.47633966 0.48957861 0.47615657
 0.4909723  0.48204862 0.47541525 0.47880657]",0.48158595556447426,"('num_hrefs', 'data_channel_is_entertainment', 'kw_max_avg', 'kw_avg_avg', 'LDA_02', 'global_sentiment_polarity', 'max_positive_polarity')",0.004758521801660987,0.0064069460448543,0.0021356486816180996
6,"(5, 12, 24, 25, 39, 43)","[0.48777395 0.47060284 0.47977597 0.47973764 0.48881572 0.47592527
 0.48947089 0.48140629 0.47155193 0.47479504]",0.47998555494672923,"('num_hrefs', 'data_channel_is_entertainment', 'kw_max_avg', 'kw_avg_avg', 'LDA_02', 'global_sentiment_polarity')",0.0048890333671269175,0.006582668799319313,0.002194222933106437
5,"(5, 12, 24, 25, 39)","[0.49194911 0.47344929 0.47946037 0.47543835 0.49051414 0.47540904
 0.48996066 0.4769433  0.47477161 0.47220532]",0.4800101203031536,"('num_hrefs', 'data_channel_is_entertainment', 'kw_max_avg', 'kw_avg_avg', 'LDA_02')",0.005432818849768561,0.007314829834295332,0.0024382766114317772
4,"(5, 12, 24, 25)","[0.48907551 0.46988439 0.47749846 0.47190619 0.48695988 0.47405632
 0.48099654 0.4770401  0.46856386 0.48078444]",0.4776765688812793,"('num_hrefs', 'data_channel_is_entertainment', 'kw_max_avg', 'kw_avg_avg')",0.004855528401599031,0.006537557204727703,0.002179185734909234
3,"(5, 24, 25)","[0.4875704  0.46755019 0.47506626 0.47386452 0.48221301 0.47500226
 0.48307724 0.4800182  0.46675536 0.47650263]",0.4767620054147549,"('num_hrefs', 'kw_max_avg', 'kw_avg_avg')",0.004676409834623594,0.006296389244996452,0.0020987964149988174
2,"(24, 25)","[0.4816175  0.46431098 0.47710772 0.47265253 0.47915114 0.47378618
 0.47794244 0.47640148 0.47080624 0.47496563]",0.4748741826726528,"('kw_max_avg', 'kw_avg_avg')",0.0034418741497822176,0.004634191643954663,0.0015447305479848875
1,"(25,)","[0.47715528 0.45879088 0.47208733 0.46509792 0.46658166 0.4696236
 0.47049059 0.47173588 0.45793502 0.46088344]",0.46703815926707726,"('kw_avg_avg',)",0.004464073778433935,0.006010496753149629,0.002003498917716543
